{"properties":{"connectionReferences":{"shared_commondataservice":{"runtimeSource":"embedded","connection":{},"api":{"name":"shared_commondataservice"}}},"definition":{"$schema":"https://schema.management.azure.com/providers/Microsoft.Logic/schemas/2016-06-01/workflowdefinition.json#","contentVersion":"1.0.0.0","parameters":{"$connections":{"defaultValue":{},"type":"Object"},"$authentication":{"defaultValue":{},"type":"SecureObject"}},"triggers":{"When_a_record_is_created":{"type":"OpenApiConnectionWebhook","inputs":{"host":{"apiId":"/providers/Microsoft.PowerApps/apis/shared_commondataservice","connectionName":"shared_commondataservice","operationId":"SubscribeOnNewItems"},"parameters":{"dataset":"org62b548d4.crm11","table":"new_powerguideprograms","scope":"Organization"},"authentication":"@parameters('$authentication')"}}},"actions":{"Create_Team":{"runAfter":{"TeamPrimaryOwner":["Succeeded"]},"type":"Http","inputs":{"method":"POST","uri":"https://graph.microsoft.com/beta/teams","headers":{"content-type":"application/json"},"body":{"template@odata.bind":"https://graph.microsoft.com/beta/teamsTemplates('standard')","displayName":"@{triggerOutputs()?['body/new_name']}","description":"@{triggerOutputs()?['body/new_eventdescription']}","channels":[{"displayName":"Event Updates 📢","isFavoriteByDefault":true,"description":"This channel will be used to post files, ppt, event updates and announcements related to the respective 365 Saturday Event"}],"owners@odata.bind":["https://graph.microsoft.com/beta/users('@{variables('TeamPrimaryOwner')}')"]},"authentication":{"type":"ActiveDirectoryOAuth","authority":"https://login.microsoft.com","tenant":"@variables('TenantId')","audience":"https://graph.microsoft.com","clientId":"@variables('ClientId')","secret":"@variables('ClientSecret')"}}},"CreateTeamResponse":{"runAfter":{"Create_Team":["Succeeded"]},"type":"InitializeVariable","inputs":{"variables":[{"name":"CreateTeamResponse","type":"string","value":"@{outputs('Create_Team')['headers']?['location']}"}]}},"GetTeamId":{"runAfter":{"CreateTeamResponse":["Succeeded"]},"type":"InitializeVariable","inputs":{"variables":[{"name":"GetTeamId","type":"string","value":"@{substring(variables('CreateTeamResponse'),8,36)}"}]}},"Parse_Access_Token":{"runAfter":{"Get_Access_Token":["Succeeded"]},"type":"ParseJson","inputs":{"content":"@body('Get_Access_Token')","schema":{"type":"object","properties":{"token_type":{"type":"string"},"expires_in":{"type":"integer"},"ext_expires_in":{"type":"integer"},"access_token":{"type":"string"}}}}},"Create_Team_Meeting":{"runAfter":{"Parse_Access_Token":["Succeeded"]},"type":"Http","inputs":{"method":"POST","uri":"https://graph.microsoft.com/v1.0/me/onlineMeetings","headers":{"Authorization":"Bearer @{body('Parse_Access_Token')?['access_token']}","Content-type":"application/json"},"body":{"startDateTime":"2020-04-24T21:33:30.8546353+00:00","endDateTime":"2020-04-25T00:03:30.8566356+00:00","subject":"Application Token Meeting","participants":{"organizer":{"identity":{"user":{"id":"3f691625-acd0-410d-b6a2-e22f666b507b"}}}}}}},"Parse_Meeting":{"runAfter":{"Create_Team_Meeting":["Succeeded"]},"type":"ParseJson","inputs":{"content":"@body('Create_Team_Meeting')","schema":{"type":"object","properties":{"@@odata.context":{"type":"string"},"id":{"type":"string"},"creationDateTime":{"type":"string"},"startDateTime":{"type":"string"},"endDateTime":{"type":"string"},"joinUrl":{"type":"string"},"joinWebUrl":{"type":"string"},"subject":{"type":"string"},"isBroadcast":{"type":"boolean"},"autoAdmittedUsers":{"type":"string"},"outerMeetingAutoAdmittedUsers":{},"capabilities":{"type":"array"},"videoTeleconferenceId":{},"externalId":{},"audioConferencing":{},"meetingInfo":{},"joinInformation":{"type":"object","properties":{"content":{"type":"string"},"contentType":{"type":"string"}}},"participants":{"type":"object","properties":{"organizer":{"type":"object","properties":{"upn":{"type":"string"},"identity":{"type":"object","properties":{"phone":{},"guest":{},"encrypted":{},"onPremises":{},"applicationInstance":{},"application":{},"device":{},"user":{"type":"object","properties":{"id":{"type":"string"},"displayName":{},"tenantId":{"type":"string"},"identityProvider":{"type":"string"}}}}}}},"attendees":{"type":"array"}}},"chatInfo":{"type":"object","properties":{"threadId":{"type":"string"},"messageId":{"type":"string"},"replyChainMessageId":{}}}}}}},"Store_Team_Link_in_CRM":{"runAfter":{"Teams_Meeting_Link":["Succeeded"]},"type":"OpenApiConnection","inputs":{"host":{"apiId":"/providers/Microsoft.PowerApps/apis/shared_commondataservice","connectionName":"shared_commondataservice","operationId":"PatchItem_V2"},"parameters":{"dataset":"org62b548d4.crm11","table":"new_powerguideprograms","id":"@triggerOutputs()?['body/new_powerguideprogramid']","item/new_teamid":"@variables('GetTeamId')","item/new_teamlink":"@variables('Teams Meeting Link')","item/_ownerid_type":""},"authentication":"@parameters('$authentication')"}},"Teams_Meeting_Link":{"runAfter":{"Parse_Meeting":["Succeeded"]},"type":"InitializeVariable","inputs":{"variables":[{"name":"Teams Meeting Link","type":"string","value":"@body('Parse_Meeting')?['joinUrl']"}]}},"Get_Access_Token":{"runAfter":{"GetTeamId":["Succeeded"]},"type":"Http","inputs":{"method":"POST","uri":"https://login.microsoft.com/@{variables('TenantId')}/oauth2/v2.0/token/","headers":{"content-type":"application/x-www-form-urlencoded"},"body":"grant_type=password&scope=https://graph.microsoft.com/.default&client_id=@{variables('ClientId')}&client_secret=@{variables('ClientSecret')}&userName=<enter username>&password=<enter password>"}},"ClientId":{"runAfter":{},"type":"InitializeVariable","inputs":{"variables":[{"name":"ClientId","type":"string","value":"<enter client id that you have copied from Azure App Registration>"}]}},"ClientSecret":{"runAfter":{"ClientId":["Succeeded"]},"type":"InitializeVariable","inputs":{"variables":[{"name":"ClientSecret","type":"string","value":"<enter client secret that you have copied from Azure App Registration>"}]}},"TenantId":{"runAfter":{"ClientSecret":["Succeeded"]},"type":"InitializeVariable","inputs":{"variables":[{"name":"TenantId","type":"string","value":"<enter Azure AD id that you have copied from Azure App Registration>"}]}},"TeamPrimaryOwner":{"runAfter":{"TenantId":["Succeeded"]},"type":"InitializeVariable","inputs":{"variables":[{"name":"TeamPrimaryOwner","type":"string","value":"<enter the guid of  Azure AD User, that you want to keep the primary owner of the team. make sure this user must be member of Azure AD, not the guest user>"}]}}}}},"schemaVersion":"1.0.0.0"}