{"properties":{"connectionReferences":{"shared_office365":{"runtimeSource":"embedded","connection":{},"api":{"name":"shared_office365"}},"shared_commondataservice":{"runtimeSource":"embedded","connection":{},"api":{"name":"shared_commondataservice"}}},"definition":{"$schema":"https://schema.management.azure.com/providers/Microsoft.Logic/schemas/2016-06-01/workflowdefinition.json#","contentVersion":"1.0.0.0","parameters":{"$connections":{"defaultValue":{},"type":"Object"},"$authentication":{"defaultValue":{},"type":"SecureObject"}},"triggers":{"When_Attendee_Register":{"type":"OpenApiConnectionWebhook","inputs":{"host":{"apiId":"/providers/Microsoft.PowerApps/apis/shared_commondataservice","connectionName":"shared_commondataservice","operationId":"SubscribeOnNewItems"},"parameters":{"dataset":"org62b548d4.crm11","table":"new_attendeeses","scope":"Organization"},"authentication":"@parameters('$authentication')"}}},"actions":{"Attendee_Email":{"runAfter":{"TenantId":["Succeeded"]},"type":"InitializeVariable","inputs":{"variables":[{"name":"Attendee Email","type":"string","value":"@triggerOutputs()?['body/new_emailaddress']"}]}},"Find_Attendee_Email_in_Azure_AD":{"runAfter":{"Team_Id":["Succeeded"]},"type":"Http","inputs":{"method":"GET","uri":"https://graph.microsoft.com/v1.0/users?$select=id,mail&$filter=mail eq '@{variables('Attendee Email')}'","authentication":{"type":"ActiveDirectoryOAuth","authority":"https://login.microsoft.com","tenant":"@variables('TenantId')","audience":"https://graph.microsoft.com","clientId":"@variables('ClientId')","secret":"@variables('ClientSecret')"}}},"Parse_JSON":{"runAfter":{"Find_Attendee_Email_in_Azure_AD":["Succeeded"]},"type":"ParseJson","inputs":{"content":"@body('Find_Attendee_Email_in_Azure_AD')","schema":{"type":"object","properties":{"@@odata.context":{"type":"string"},"value":{"type":"array","items":{"type":"object","properties":{"id":{"type":"string"},"mail":{"type":"string"}},"required":["id","mail"]}}}}}},"Apply_to_each":{"foreach":"@body('Parse_JSON')?['value']","actions":{"Set_Id":{"runAfter":{},"type":"SetVariable","inputs":{"name":"Id","value":"@items('Apply_to_each')?['id']"}},"Set_Email":{"runAfter":{"Set_Id":["Succeeded"]},"type":"SetVariable","inputs":{"name":"Email","value":"@items('Apply_to_each')?['mail']"}},"Set_JSON_Body":{"runAfter":{"Set_Email":["Succeeded"]},"type":"SetVariable","inputs":{"name":"JSON Body","value":"{\n  \"@odata.id\": \"https://graph.microsoft.com/v1.0/directoryObjects/@{variables('Id')}\"\n}"}}},"runAfter":{"JSON_Body_New":["Succeeded"]},"type":"Foreach"},"AD_User_ID":{"runAfter":{"Parse_JSON":["Succeeded"]},"type":"InitializeVariable","inputs":{"variables":[{"name":"Id","type":"string"}]}},"AD_User_Email":{"runAfter":{"AD_User_ID":["Succeeded"]},"type":"InitializeVariable","inputs":{"variables":[{"name":"Email","type":"string"}]}},"Condition_-_Check_whether_user_already_exist_in_Azure_AD":{"actions":{"Add_Attendee_as_a_Guest_Team_Member":{"runAfter":{},"type":"Http","inputs":{"method":"POST","uri":"https://graph.microsoft.com/v1.0/groups/@{variables('Team Id')}/members/$ref","headers":{"Content-type":"application/json","Content-length":"30"},"body":"@variables('JSON Body')","authentication":{"type":"ActiveDirectoryOAuth","authority":"https://login.microsoft.com","tenant":"0a818a2b-5882-4f42-a04f-2681d222e419","audience":"https://graph.microsoft.com","clientId":"c17023df-1d0c-4d41-bec2-757241a01a13","secret":"dt4/.:=KsMZwEhzlWW3GxU8QBu53129n"}}}},"runAfter":{"Apply_to_each":["Succeeded"]},"else":{"actions":{"Create_Guest_User_in_Azure_AD":{"runAfter":{},"type":"Http","inputs":{"method":"POST","uri":"https://graph.microsoft.com/v1.0/invitations","headers":{"Content-type":"application/json"},"body":{"invitedUserEmailAddress":"@{variables('Attendee Email')}","inviteRedirectUrl":"https://myapp.com","sendInvitationMessage":"false"},"authentication":{"type":"ActiveDirectoryOAuth","authority":"https://login.microsoft.com","tenant":"0a818a2b-5882-4f42-a04f-2681d222e419","audience":"https://graph.microsoft.com","clientId":"c17023df-1d0c-4d41-bec2-757241a01a13","secret":"dt4/.:=KsMZwEhzlWW3GxU8QBu53129n"}}},"Parse_New_AD_User_JSON":{"runAfter":{"Create_Guest_User_in_Azure_AD":["Succeeded"]},"type":"ParseJson","inputs":{"content":"@body('Create_Guest_User_in_Azure_AD')","schema":{"type":"object","properties":{"@@odata.context":{"type":"string"},"id":{"type":"string"},"inviteRedeemUrl":{"type":"string"},"invitedUserDisplayName":{},"invitedUserType":{"type":"string"},"invitedUserEmailAddress":{"type":"string"},"sendInvitationMessage":{"type":"boolean"},"inviteRedirectUrl":{"type":"string"},"status":{"type":"string"},"invitedUserMessageInfo":{"type":"object","properties":{"messageLanguage":{},"customizedMessageBody":{},"ccRecipients":{"type":"array","items":{"type":"object","properties":{"emailAddress":{"type":"object","properties":{"name":{},"address":{}}}},"required":["emailAddress"]}}}},"invitedUser":{"type":"object","properties":{"id":{"type":"string"}}}}}}},"Set_JSON_Body_New":{"runAfter":{"Parse_New_AD_User_JSON":["Succeeded"]},"type":"SetVariable","inputs":{"name":"JSON Body New","value":"{\n  \"@odata.id\": \"https://graph.microsoft.com/v1.0/directoryObjects/@{body('Parse_New_AD_User_JSON')?['invitedUser']?['id']}\"\n}"}},"Delay":{"runAfter":{"Set_JSON_Body_New":["Succeeded"]},"type":"Wait","inputs":{"interval":{"count":15,"unit":"Second"}}},"Add_Attendee_as_a_Guest_Team_Member_2":{"runAfter":{"Delay":["Succeeded"]},"type":"Http","inputs":{"method":"POST","uri":"https://graph.microsoft.com/v1.0/groups/@{variables('Team Id')}/members/$ref","headers":{"Content-type":"application/json","Content-length":"30"},"body":"@variables('JSON Body New')","authentication":{"type":"ActiveDirectoryOAuth","authority":"https://login.microsoft.com","tenant":"0a818a2b-5882-4f42-a04f-2681d222e419","audience":"https://graph.microsoft.com","clientId":"c17023df-1d0c-4d41-bec2-757241a01a13","secret":"dt4/.:=KsMZwEhzlWW3GxU8QBu53129n"}}}}},"expression":{"contains":["@variables('Id')","-"]},"type":"If"},"JSON_Body_Existing":{"runAfter":{"AD_User_Email":["Succeeded"]},"type":"InitializeVariable","inputs":{"variables":[{"name":"JSON Body","type":"string"}]}},"Team_Id":{"runAfter":{"Attendee_Email":["Succeeded"]},"type":"InitializeVariable","inputs":{"variables":[{"name":"Team Id","type":"string","value":"@outputs('Get_Event')?['body/new_teamid']"}]}},"JSON_Body_New":{"runAfter":{"JSON_Body_Existing":["Succeeded"]},"type":"InitializeVariable","inputs":{"variables":[{"name":"JSON Body New","type":"string"}]}},"Team_Meeting_Link":{"runAfter":{"Condition_-_Check_whether_user_already_exist_in_Azure_AD":["Succeeded"]},"type":"InitializeVariable","inputs":{"variables":[{"name":"Teams Meeting Link","type":"string","value":"@outputs('Get_Event')?['body/new_teamlink']"}]}},"Send_an_email_(V2)":{"runAfter":{"Team_Meeting_Link":["Succeeded"]},"type":"OpenApiConnection","inputs":{"host":{"apiId":"/providers/Microsoft.PowerApps/apis/shared_office365","connectionName":"shared_office365","operationId":"SendEmailV2"},"parameters":{"emailMessage/To":"@variables('Attendee Email')","emailMessage/Subject":"Power Guide Mentorship Invitation - @{outputs('Get_Event')?['body/new_name']}","emailMessage/Body":"<p><span style=\"color: rgb(44,130,201)\">Dear </span><span style=\"color: rgb(44,130,201)\">@{triggerOutputs()?['body/new_name']}</span><span style=\"color: rgb(44,130,201)\"> ,<br>\n<br>\nThank you for your registration with </span><span style=\"color: rgb(44,130,201)\"><strong>Power Guide Mentorship Program.<br>\n</strong></span><span style=\"color: rgb(44,130,201)\"><br>\nPlease find the Microsoft Team Link below to join the Meeting:<br>\n<br>\n</span><span style=\"color: rgb(44,130,201)\">@{variables('Teams Meeting Link')}</span><span style=\"color: rgb(44,130,201)\"><br>\n<br>\nPlease get back to us in case of any issue/concern related to the event<br>\n<br>\nLook forward to see you in the event,</span><br>\n<br>\n<br>\n<span style=\"font-size: 14px; color: rgb(147,101,184)\"><em><strong>Thanks &amp; Regards<br>\nArpit Shrivastava<br>\nD365 Consultant &amp; 365 Saturday Ambassador<br>\nEmail: arpit@dynamics.comminity</strong></em></span><span style=\"font-size: 14px\"><em><strong><br>\n<br>\n</strong></em></span></p>"},"authentication":"@parameters('$authentication')"}},"Confirmation_of_Team_Invitation":{"runAfter":{"Send_an_email_(V2)":["Succeeded"]},"type":"OpenApiConnection","inputs":{"host":{"apiId":"/providers/Microsoft.PowerApps/apis/shared_commondataservice","connectionName":"shared_commondataservice","operationId":"PatchItem_V2"},"parameters":{"dataset":"org62b548d4.crm11","table":"new_attendeeses","id":"@triggerOutputs()?['body/new_attendeesid']","item/new_sentteamsinvite":true,"item/_ownerid_type":""},"authentication":"@parameters('$authentication')"}},"Get_Event":{"runAfter":{},"type":"OpenApiConnection","inputs":{"host":{"apiId":"/providers/Microsoft.PowerApps/apis/shared_commondataservice","connectionName":"shared_commondataservice","operationId":"GetItem_V2"},"parameters":{"dataset":"org62b548d4.crm11","table":"new_powerguideprograms","id":"@triggerOutputs()?['body/_new_event_value']"},"authentication":"@parameters('$authentication')"}},"ClientId":{"runAfter":{"Get_Event":["Succeeded"]},"type":"InitializeVariable","inputs":{"variables":[{"name":"ClientId","type":"string","value":"<enter client id that you have copied from Azure App Registration>"}]}},"ClientSecret":{"runAfter":{"ClientId":["Succeeded"]},"type":"InitializeVariable","inputs":{"variables":[{"name":"ClientSecret","type":"string","value":"<enter client secret that you have copied from Azure App Registration>"}]}},"TenantId":{"runAfter":{"ClientSecret":["Succeeded"]},"type":"InitializeVariable","inputs":{"variables":[{"name":"TenantId","type":"string","value":"<enter Azure AD id that you have copied from Azure App Registration>"}]}}}}},"schemaVersion":"1.0.0.0"}