<ImportExportXml version="9.1.0.19852" SolutionPackageVersion="9.1" languagecode="1033" generatedBy="CrmLive" xmlns:xsi="http://www.w3.org/2001/XMLSchema-instance">
  <SolutionManifest>
    <UniqueName>PortalLocalAutogenerateUsernamePassword</UniqueName>
    <LocalizedNames>
      <LocalizedName description="Portal - Local Autogenerate Username Password" languagecode="1033" />
    </LocalizedNames>
    <Descriptions />
    <Version>1.0.0.0</Version>
    <Managed>1</Managed>
    <Publisher>
      <UniqueName>arpitmsd</UniqueName>
      <LocalizedNames>
        <LocalizedName description="Arpit Dynamics" languagecode="1033" />
      </LocalizedNames>
      <Descriptions />
      <EMailAddress xsi:nil="true"></EMailAddress>
      <SupportingWebsiteUrl xsi:nil="true"></SupportingWebsiteUrl>
      <CustomizationPrefix>arpit</CustomizationPrefix>
      <CustomizationOptionValuePrefix>16454</CustomizationOptionValuePrefix>
      <Addresses>
        <Address>
          <AddressNumber>1</AddressNumber>
          <AddressTypeCode>1</AddressTypeCode>
          <City xsi:nil="true"></City>
          <County xsi:nil="true"></County>
          <Country xsi:nil="true"></Country>
          <Fax xsi:nil="true"></Fax>
          <FreightTermsCode xsi:nil="true"></FreightTermsCode>
          <ImportSequenceNumber xsi:nil="true"></ImportSequenceNumber>
          <Latitude xsi:nil="true"></Latitude>
          <Line1 xsi:nil="true"></Line1>
          <Line2 xsi:nil="true"></Line2>
          <Line3 xsi:nil="true"></Line3>
          <Longitude xsi:nil="true"></Longitude>
          <Name xsi:nil="true"></Name>
          <PostalCode xsi:nil="true"></PostalCode>
          <PostOfficeBox xsi:nil="true"></PostOfficeBox>
          <PrimaryContactName xsi:nil="true"></PrimaryContactName>
          <ShippingMethodCode>1</ShippingMethodCode>
          <StateOrProvince xsi:nil="true"></StateOrProvince>
          <Telephone1 xsi:nil="true"></Telephone1>
          <Telephone2 xsi:nil="true"></Telephone2>
          <Telephone3 xsi:nil="true"></Telephone3>
          <TimeZoneRuleVersionNumber xsi:nil="true"></TimeZoneRuleVersionNumber>
          <UPSZone xsi:nil="true"></UPSZone>
          <UTCOffset xsi:nil="true"></UTCOffset>
          <UTCConversionTimeZoneCode xsi:nil="true"></UTCConversionTimeZoneCode>
        </Address>
        <Address>
          <AddressNumber>2</AddressNumber>
          <AddressTypeCode>1</AddressTypeCode>
          <City xsi:nil="true"></City>
          <County xsi:nil="true"></County>
          <Country xsi:nil="true"></Country>
          <Fax xsi:nil="true"></Fax>
          <FreightTermsCode xsi:nil="true"></FreightTermsCode>
          <ImportSequenceNumber xsi:nil="true"></ImportSequenceNumber>
          <Latitude xsi:nil="true"></Latitude>
          <Line1 xsi:nil="true"></Line1>
          <Line2 xsi:nil="true"></Line2>
          <Line3 xsi:nil="true"></Line3>
          <Longitude xsi:nil="true"></Longitude>
          <Name xsi:nil="true"></Name>
          <PostalCode xsi:nil="true"></PostalCode>
          <PostOfficeBox xsi:nil="true"></PostOfficeBox>
          <PrimaryContactName xsi:nil="true"></PrimaryContactName>
          <ShippingMethodCode>1</ShippingMethodCode>
          <StateOrProvince xsi:nil="true"></StateOrProvince>
          <Telephone1 xsi:nil="true"></Telephone1>
          <Telephone2 xsi:nil="true"></Telephone2>
          <Telephone3 xsi:nil="true"></Telephone3>
          <TimeZoneRuleVersionNumber xsi:nil="true"></TimeZoneRuleVersionNumber>
          <UPSZone xsi:nil="true"></UPSZone>
          <UTCOffset xsi:nil="true"></UTCOffset>
          <UTCConversionTimeZoneCode xsi:nil="true"></UTCConversionTimeZoneCode>
        </Address>
      </Addresses>
    </Publisher>
    <RootComponents>
      <RootComponent type="29" id="{4794cdc9-354b-49ff-9027-f684d06b12fc}" behavior="0" />
    </RootComponents>
    <MissingDependencies>
      <MissingDependency>
        <Required key="0" type="2" schemaName="adx_identity_username" displayName="User Name" parentSchemaName="contact" parentDisplayName="Contact" solution="MicrosoftIdentity (9.2.2001.0)" />
        <Dependent key="1" type="29" displayName="Portals - Auto Generate Username and Password" id="{4794cdc9-354b-49ff-9027-f684d06b12fc}" />
      </MissingDependency>
      <MissingDependency>
        <Required key="2" type="2" schemaName="adx_identity_lockoutenabled" displayName="Lockout Enabled" parentSchemaName="contact" parentDisplayName="Contact" solution="MicrosoftIdentity (9.2.2001.0)" />
        <Dependent key="1" type="29" displayName="Portals - Auto Generate Username and Password" id="{4794cdc9-354b-49ff-9027-f684d06b12fc}" />
      </MissingDependency>
      <MissingDependency>
        <Required key="3" type="2" schemaName="adx_identity_logonenabled" displayName="Login Enabled" parentSchemaName="contact" parentDisplayName="Contact" solution="MicrosoftIdentity (9.2.2001.0)" />
        <Dependent key="1" type="29" displayName="Portals - Auto Generate Username and Password" id="{4794cdc9-354b-49ff-9027-f684d06b12fc}" />
      </MissingDependency>
      <MissingDependency>
        <Required key="4" type="90" schemaName="Adxstudio.Xrm.Workflow.Identity.SetSecurityStamp, Adxstudio.Xrm.Workflow.Identity, Version=1.0.0.2, Culture=neutral, PublicKeyToken=fa79bd0b74a539cd" displayName="Adxstudio.Xrm.Workflow.Identity.SetSecurityStamp" solution="MicrosoftIdentity (9.2.2001.0)" id="{ca9a1b74-5cdb-e811-8158-000d3a0670c5}" />
        <Dependent key="1" type="29" displayName="Portals - Auto Generate Username and Password" id="{4794cdc9-354b-49ff-9027-f684d06b12fc}" />
      </MissingDependency>
      <MissingDependency>
        <Required key="5" type="90" schemaName="Adxstudio.Xrm.Workflow.Identity.ChangePassword, Adxstudio.Xrm.Workflow.Identity, Version=1.0.0.2, Culture=neutral, PublicKeyToken=fa79bd0b74a539cd" displayName="Adxstudio.Xrm.Workflow.Identity.ChangePassword" solution="MicrosoftIdentity (9.2.2001.0)" id="{c99a1b74-5cdb-e811-8158-000d3a0670c5}" />
        <Dependent key="1" type="29" displayName="Portals - Auto Generate Username and Password" id="{4794cdc9-354b-49ff-9027-f684d06b12fc}" />
      </MissingDependency>
      <MissingDependency>
        <Required key="6" type="90" schemaName="Adxstudio.Xrm.Workflow.GetRecordIdHelper.GetRecordId, Adxstudio.Xrm.Workflow.GetRecordIdHelper, Version=1.0.0.0, Culture=neutral, PublicKeyToken=c3f7c100072097e5" displayName="Get Record ID" solution="MicrosoftGetRecordIDWorkflowHelper (8.1.0002)" id="{a4a193da-5790-ea11-a811-000d3a7f2195}" />
        <Dependent key="1" type="29" displayName="Portals - Auto Generate Username and Password" id="{4794cdc9-354b-49ff-9027-f684d06b12fc}" />
      </MissingDependency>
    </MissingDependencies>
  </SolutionManifest>
</ImportExportXml>