<ImportExportXml version="9.1.0.18036" SolutionPackageVersion="9.1" languagecode="1033" generatedBy="CrmLive" xmlns:xsi="http://www.w3.org/2001/XMLSchema-instance">
  <SolutionManifest>
    <UniqueName>PortalBackupScheduler</UniqueName>
    <LocalizedNames>
      <LocalizedName description="Portal Backup Scheduler" languagecode="1033" />
    </LocalizedNames>
    <Descriptions />
    <Version>1.0.0.0</Version>
    <Managed>1</Managed>
    <Publisher>
      <UniqueName>arpitmsd</UniqueName>
      <LocalizedNames>
        <LocalizedName description="Arpit Dynamics" languagecode="1033" />
      </LocalizedNames>
      <Descriptions />
      <EMailAddress xsi:nil="true"></EMailAddress>
      <SupportingWebsiteUrl xsi:nil="true"></SupportingWebsiteUrl>
      <CustomizationPrefix>arpit</CustomizationPrefix>
      <CustomizationOptionValuePrefix>16454</CustomizationOptionValuePrefix>
      <Addresses>
        <Address>
          <AddressNumber>1</AddressNumber>
          <AddressTypeCode>1</AddressTypeCode>
          <City xsi:nil="true"></City>
          <County xsi:nil="true"></County>
          <Country xsi:nil="true"></Country>
          <Fax xsi:nil="true"></Fax>
          <FreightTermsCode xsi:nil="true"></FreightTermsCode>
          <ImportSequenceNumber xsi:nil="true"></ImportSequenceNumber>
          <Latitude xsi:nil="true"></Latitude>
          <Line1 xsi:nil="true"></Line1>
          <Line2 xsi:nil="true"></Line2>
          <Line3 xsi:nil="true"></Line3>
          <Longitude xsi:nil="true"></Longitude>
          <Name xsi:nil="true"></Name>
          <PostalCode xsi:nil="true"></PostalCode>
          <PostOfficeBox xsi:nil="true"></PostOfficeBox>
          <PrimaryContactName xsi:nil="true"></PrimaryContactName>
          <ShippingMethodCode>1</ShippingMethodCode>
          <StateOrProvince xsi:nil="true"></StateOrProvince>
          <Telephone1 xsi:nil="true"></Telephone1>
          <Telephone2 xsi:nil="true"></Telephone2>
          <Telephone3 xsi:nil="true"></Telephone3>
          <TimeZoneRuleVersionNumber xsi:nil="true"></TimeZoneRuleVersionNumber>
          <UPSZone xsi:nil="true"></UPSZone>
          <UTCOffset xsi:nil="true"></UTCOffset>
          <UTCConversionTimeZoneCode xsi:nil="true"></UTCConversionTimeZoneCode>
        </Address>
        <Address>
          <AddressNumber>2</AddressNumber>
          <AddressTypeCode>1</AddressTypeCode>
          <City xsi:nil="true"></City>
          <County xsi:nil="true"></County>
          <Country xsi:nil="true"></Country>
          <Fax xsi:nil="true"></Fax>
          <FreightTermsCode xsi:nil="true"></FreightTermsCode>
          <ImportSequenceNumber xsi:nil="true"></ImportSequenceNumber>
          <Latitude xsi:nil="true"></Latitude>
          <Line1 xsi:nil="true"></Line1>
          <Line2 xsi:nil="true"></Line2>
          <Line3 xsi:nil="true"></Line3>
          <Longitude xsi:nil="true"></Longitude>
          <Name xsi:nil="true"></Name>
          <PostalCode xsi:nil="true"></PostalCode>
          <PostOfficeBox xsi:nil="true"></PostOfficeBox>
          <PrimaryContactName xsi:nil="true"></PrimaryContactName>
          <ShippingMethodCode>1</ShippingMethodCode>
          <StateOrProvince xsi:nil="true"></StateOrProvince>
          <Telephone1 xsi:nil="true"></Telephone1>
          <Telephone2 xsi:nil="true"></Telephone2>
          <Telephone3 xsi:nil="true"></Telephone3>
          <TimeZoneRuleVersionNumber xsi:nil="true"></TimeZoneRuleVersionNumber>
          <UPSZone xsi:nil="true"></UPSZone>
          <UTCOffset xsi:nil="true"></UTCOffset>
          <UTCConversionTimeZoneCode xsi:nil="true"></UTCConversionTimeZoneCode>
        </Address>
      </Addresses>
    </Publisher>
    <RootComponents>
      <RootComponent type="29" id="{4a18789b-d7a4-ea11-a812-000d3a7f27a2}" behavior="0" />
    </RootComponents>
    <MissingDependencies>
      <MissingDependency>
        <Required key="0" type="1" schemaName="adx_contentsnippet" displayName="Content Snippet" solution="MicrosoftPortalDependencies (9.2.10.0)" />
        <Dependent key="1" type="29" displayName="Schedule Portal Backup" id="{4a18789b-d7a4-ea11-a812-000d3a7f27a2}" />
      </MissingDependency>
      <MissingDependency>
        <Required key="2" type="1" schemaName="adx_webformstep" displayName="Web Form Step" solution="MicrosoftPortalWebForms (9.2.2001.0)" />
        <Dependent key="1" type="29" displayName="Schedule Portal Backup" id="{4a18789b-d7a4-ea11-a812-000d3a7f27a2}" />
      </MissingDependency>
      <MissingDependency>
        <Required key="3" type="1" schemaName="adx_sitesetting" displayName="Site Setting" solution="MicrosoftPortalDependencies (9.2.10.0)" />
        <Dependent key="1" type="29" displayName="Schedule Portal Backup" id="{4a18789b-d7a4-ea11-a812-000d3a7f27a2}" />
      </MissingDependency>
      <MissingDependency>
        <Required key="4" type="1" schemaName="adx_webtemplate" displayName="Web Template" solution="MicrosoftPortalBase (9.2.2001.0)" />
        <Dependent key="1" type="29" displayName="Schedule Portal Backup" id="{4a18789b-d7a4-ea11-a812-000d3a7f27a2}" />
      </MissingDependency>
      <MissingDependency>
        <Required key="5" type="1" schemaName="adx_entityform" displayName="Entity Form" solution="MicrosoftPortalWebForms (9.2.2001.0)" />
        <Dependent key="1" type="29" displayName="Schedule Portal Backup" id="{4a18789b-d7a4-ea11-a812-000d3a7f27a2}" />
      </MissingDependency>
      <MissingDependency>
        <Required key="6" type="1" schemaName="adx_webpage" displayName="Web Page" solution="MicrosoftPortalDependencies (9.2.10.0)" />
        <Dependent key="1" type="29" displayName="Schedule Portal Backup" id="{4a18789b-d7a4-ea11-a812-000d3a7f27a2}" />
      </MissingDependency>
      <MissingDependency>
        <Required key="7" type="1" schemaName="adx_entitylist" displayName="Entity List" solution="MicrosoftPortalWebForms (9.2.2001.0)" />
        <Dependent key="1" type="29" displayName="Schedule Portal Backup" id="{4a18789b-d7a4-ea11-a812-000d3a7f27a2}" />
      </MissingDependency>
    </MissingDependencies>
  </SolutionManifest>
</ImportExportXml>