{"properties":{"connectionReferences":{"shared_commondataserviceforapps":{"impersonation":{},"runtimeSource":"embedded","connection":{},"api":{"name":"shared_commondataserviceforapps"}},"shared_sharepointonline":{"runtimeSource":"embedded","connection":{},"api":{"name":"shared_sharepointonline"}}},"definition":{"$schema":"https://schema.management.azure.com/providers/Microsoft.Logic/schemas/2016-06-01/workflowdefinition.json#","contentVersion":"1.0.0.0","parameters":{"$connections":{"defaultValue":{},"type":"Object"},"$authentication":{"defaultValue":{},"type":"SecureObject"}},"triggers":{"Recurrence":{"recurrence":{"frequency":"Day","interval":1,"startTime":"2020-05-24T16:30:00Z"},"type":"Recurrence"}},"actions":{"Condition_3":{"actions":{"Apply_to_each_3":{"foreach":"@outputs('Get_Portal_Entities_Site_Setting')?['body/value']","actions":{"Parse_JSON":{"runAfter":{},"type":"ParseJson","inputs":{"content":"@items('Apply_to_each_3')?['adx_value']","schema":{"type":"object","properties":{"BackupEntities":{"type":"array","items":{"type":"object","properties":{"WebPage":{"type":"string"},"WebTemplate":{"type":"string"},"EntityForm":{"type":"string"},"EntityList":{"type":"string"},"ContentSnippet":{"type":"string"},"WebForm":{"type":"string"}},"required":["WebPage","WebTemplate","EntityForm","EntityList","ContentSnippet","WebForm"]}}}}}},"Apply_to_each":{"foreach":"@body('Parse_JSON')?['BackupEntities']","actions":{"Condition":{"actions":{"List_Localized_Content_Modified_Today":{"runAfter":{},"type":"OpenApiConnection","inputs":{"host":{"apiId":"/providers/Microsoft.PowerApps/apis/shared_commondataserviceforapps","connectionName":"shared_commondataserviceforapps","operationId":"ListRecords"},"parameters":{"entityName":"adx_webpages","fetchXml":"<fetch version=\"1.0\" output-format=\"xml-platform\" mapping=\"logical\" distinct=\"false\">\n  <entity name=\"adx_webpage\">\n    <attribute name=\"adx_webpageid\" />\n    <attribute name=\"adx_name\" />\n    <attribute name=\"createdon\" />\n    <attribute name=\"adx_customjavascript\" />\n    <attribute name=\"adx_customcss\" />\n    <attribute name=\"adx_copy\" />\n    <order attribute=\"adx_name\" descending=\"false\" />\n    <filter type=\"and\">\n      <filter type=\"or\">\n        <condition attribute=\"createdon\" operator=\"today\" />\n        <condition attribute=\"modifiedon\" operator=\"today\" />\n      </filter>\n      <condition attribute=\"adx_isroot\" operator=\"eq\" value=\"0\" />\n    </filter>\n  </entity>\n</fetch>"},"authentication":"@parameters('$authentication')"}},"Create_new_folder":{"runAfter":{"List_Localized_Content_Modified_Today":["Succeeded"]},"type":"OpenApiConnection","inputs":{"host":{"apiId":"/providers/Microsoft.PowerApps/apis/shared_sharepointonline","connectionName":"shared_sharepointonline","operationId":"CreateNewFolder"},"parameters":{"dataset":"https://365saturdaysdemo.sharepoint.com/sites/PowerGuide","table":"4834d539-b2fb-459b-8fde-32dbb57a5f88","parameters/path":"/Portal Backup/@{outputs('TodayDate')}/Web Pages"},"authentication":"@parameters('$authentication')"}},"Delay":{"runAfter":{"Create_new_folder":["Succeeded"]},"type":"Wait","inputs":{"interval":{"count":10,"unit":"Second"}}},"Apply_to_each_5":{"foreach":"@outputs('List_Localized_Content_Modified_Today')?['body/value']","actions":{"Condition_8":{"actions":{"Create_Web_Page_Custom_CSS_file":{"runAfter":{},"type":"OpenApiConnection","inputs":{"host":{"apiId":"/providers/Microsoft.PowerApps/apis/shared_sharepointonline","connectionName":"shared_sharepointonline","operationId":"CreateFile"},"parameters":{"dataset":"https://365saturdaysdemo.sharepoint.com/sites/PowerGuide","folderPath":"/Shared Documents/Portal Backup/@{outputs('TodayDate')}/Web Pages","name":"@{items('Apply_to_each_5')?['adx_name']}_style.css","body":"@items('Apply_to_each_5')?['adx_customcss']"},"authentication":"@parameters('$authentication')"}}},"runAfter":{"HTMLCompose":["Succeeded"]},"expression":{"equals":["@outputs('CSSCompose')","notnull"]},"type":"If"},"CSSCompose":{"runAfter":{},"type":"Compose","inputs":"@if(equals(items('Apply_to_each_5')?['adx_customcss'],null),'null','notnull')"},"ScriptCompose":{"runAfter":{"CSSCompose":["Succeeded"]},"type":"Compose","inputs":"@if(equals(items('Apply_to_each_5')?['adx_customjavascript'],null),'null','notnull')"},"HTMLCompose":{"runAfter":{"ScriptCompose":["Succeeded"]},"type":"Compose","inputs":"@if(equals(items('Apply_to_each_5')?['adx_copy'],null),'null','notnull')"},"Condition_9":{"actions":{"Create_Web_Page_Custom_JavaScript_file":{"runAfter":{},"type":"OpenApiConnection","inputs":{"host":{"apiId":"/providers/Microsoft.PowerApps/apis/shared_sharepointonline","connectionName":"shared_sharepointonline","operationId":"CreateFile"},"parameters":{"dataset":"https://365saturdaysdemo.sharepoint.com/sites/PowerGuide","folderPath":"/Shared Documents/Portal Backup/@{outputs('TodayDate')}/Web Pages","name":"@{items('Apply_to_each_5')?['adx_name']}_script.js","body":"@items('Apply_to_each_5')?['adx_customjavascript']"},"authentication":"@parameters('$authentication')"}}},"runAfter":{"HTMLCompose":["Succeeded"]},"expression":{"equals":["@outputs('ScriptCompose')","notnull"]},"type":"If"},"Condition_10":{"actions":{"Create_Web_Page_CopyHTML_file":{"runAfter":{},"type":"OpenApiConnection","inputs":{"host":{"apiId":"/providers/Microsoft.PowerApps/apis/shared_sharepointonline","connectionName":"shared_sharepointonline","operationId":"CreateFile"},"parameters":{"dataset":"https://365saturdaysdemo.sharepoint.com/sites/PowerGuide","folderPath":"/Shared Documents/Portal Backup/@{outputs('TodayDate')}/Web Pages","name":"@{items('Apply_to_each_5')?['adx_name']}.html","body":"@items('Apply_to_each_5')?['adx_copy']"},"authentication":"@parameters('$authentication')"}}},"runAfter":{"HTMLCompose":["Succeeded"]},"expression":{"equals":["@outputs('HTMLCompose')","notnull"]},"type":"If"}},"runAfter":{"Delay":["Succeeded"]},"type":"Foreach"}},"runAfter":{"Set_Web_Page":["Succeeded"]},"expression":{"equals":["@variables('var_webpage')","adx_webpage"]},"type":"If"},"Set_Web_Page":{"runAfter":{},"type":"SetVariable","inputs":{"name":"var_webpage","value":"@items('Apply_to_each')?['WebPage']"}}},"runAfter":{"Parse_JSON":["Succeeded"]},"type":"Foreach","description":"Backup of Web Pages"},"Apply_to_each_6":{"foreach":"@body('Parse_JSON')?['BackupEntities']","actions":{"Condition_2":{"actions":{"Get_Updated_Web_Templates":{"runAfter":{},"type":"OpenApiConnection","inputs":{"host":{"apiId":"/providers/Microsoft.PowerApps/apis/shared_commondataserviceforapps","connectionName":"shared_commondataserviceforapps","operationId":"ListRecords"},"parameters":{"entityName":"adx_webtemplates","fetchXml":"<fetch version=\"1.0\" output-format=\"xml-platform\" mapping=\"logical\" distinct=\"false\">\n  <entity name=\"adx_webtemplate\">\n    <attribute name=\"adx_webtemplateid\" />\n    <attribute name=\"adx_name\" />\n    <attribute name=\"createdon\" />\n    <attribute name=\"adx_source\" />\n    <attribute name=\"modifiedon\" />\n    <attribute name=\"modifiedby\" />\n    <attribute name=\"createdby\" />\n    <attribute name=\"adx_websiteid\" />\n    <attribute name=\"statuscode\" />\n    <attribute name=\"statecode\" />\n    <attribute name=\"overriddencreatedon\" />\n    <attribute name=\"modifiedonbehalfby\" />\n    <attribute name=\"adx_mimetype\" />\n    <attribute name=\"createdonbehalfby\" />\n    <order attribute=\"adx_name\" descending=\"false\" />\n    <filter type=\"and\">\n      <filter type=\"or\">\n        <condition attribute=\"createdon\" operator=\"today\" />\n        <condition attribute=\"modifiedon\" operator=\"today\" />\n      </filter>\n      <condition attribute=\"adx_source\" operator=\"not-null\" />\n    </filter>\n  </entity>\n</fetch>"},"authentication":"@parameters('$authentication')"}},"Create_Web_Template_Folder":{"runAfter":{"Get_Updated_Web_Templates":["Succeeded"]},"type":"OpenApiConnection","inputs":{"host":{"apiId":"/providers/Microsoft.PowerApps/apis/shared_sharepointonline","connectionName":"shared_sharepointonline","operationId":"CreateNewFolder"},"parameters":{"dataset":"https://365saturdaysdemo.sharepoint.com/sites/PowerGuide","table":"4834d539-b2fb-459b-8fde-32dbb57a5f88","parameters/path":"/Portal Backup/@{outputs('TodayDate')}/Web Templates"},"authentication":"@parameters('$authentication')"}},"Delay_2":{"runAfter":{"Create_Web_Template_Folder":["Succeeded"]},"type":"Wait","inputs":{"interval":{"count":5,"unit":"Second"}}},"Apply_to_each_4":{"foreach":"@outputs('Get_Updated_Web_Templates')?['body/value']","actions":{"Create_Web_Template_File":{"runAfter":{},"type":"OpenApiConnection","inputs":{"host":{"apiId":"/providers/Microsoft.PowerApps/apis/shared_sharepointonline","connectionName":"shared_sharepointonline","operationId":"CreateFile"},"parameters":{"dataset":"https://365saturdaysdemo.sharepoint.com/sites/PowerGuide","folderPath":"/Shared Documents/Portal Backup/@{outputs('TodayDate')}/Web Templates","name":"@{items('Apply_to_each_4')?['adx_name']}.html","body":"@items('Apply_to_each_4')?['adx_source']"},"authentication":"@parameters('$authentication')"}}},"runAfter":{"Delay_2":["Succeeded"]},"type":"Foreach"}},"runAfter":{"Set_Web_Template":["Succeeded"]},"expression":{"equals":["@variables('var_webtemplate')","adx_webtemplate"]},"type":"If"},"Set_Web_Template":{"runAfter":{},"type":"SetVariable","inputs":{"name":"var_webtemplate","value":"@items('Apply_to_each_6')?['WebTemplate']"}}},"runAfter":{"Parse_JSON":["Succeeded"]},"type":"Foreach","description":"Backup of Web Templates"},"Apply_to_each_7":{"foreach":"@body('Parse_JSON')?['BackupEntities']","actions":{"Set_Entity_Form":{"runAfter":{},"type":"SetVariable","inputs":{"name":"var_entityform","value":"@items('Apply_to_each_7')?['EntityForm']"}},"Condition_4":{"actions":{"Get_Updated_Entity_Forms":{"runAfter":{},"type":"OpenApiConnection","inputs":{"host":{"apiId":"/providers/Microsoft.PowerApps/apis/shared_commondataserviceforapps","connectionName":"shared_commondataserviceforapps","operationId":"ListRecords"},"parameters":{"entityName":"adx_entityforms","fetchXml":"<fetch version=\"1.0\" output-format=\"xml-platform\" mapping=\"logical\" distinct=\"false\">\n  <entity name=\"adx_entityform\">\n    <attribute name=\"adx_name\" />\n    <attribute name=\"adx_tabname\" />\n    <attribute name=\"adx_mode\" />\n    <attribute name=\"adx_formname\" />\n    <attribute name=\"adx_entityname\" />\n    <attribute name=\"adx_recordidquerystringparametername\" />\n    <attribute name=\"adx_entitysourcetype\" />\n    <attribute name=\"adx_redirectwebpage\" />\n    <attribute name=\"adx_redirecturl\" />\n    <attribute name=\"adx_onsuccess\" />\n    <attribute name=\"adx_entityformid\" />\n    <attribute name=\"adx_registerstartupscript\" />\n    <order attribute=\"adx_name\" descending=\"false\" />\n    <filter type=\"or\">\n      <condition attribute=\"createdon\" operator=\"today\" />\n      <condition attribute=\"modifiedon\" operator=\"today\" />\n    </filter>\n  </entity>\n</fetch>"},"authentication":"@parameters('$authentication')"}},"Create_Entity_Form_Folder":{"runAfter":{"Get_Updated_Entity_Forms":["Succeeded"]},"type":"OpenApiConnection","inputs":{"host":{"apiId":"/providers/Microsoft.PowerApps/apis/shared_sharepointonline","connectionName":"shared_sharepointonline","operationId":"CreateNewFolder"},"parameters":{"dataset":"https://365saturdaysdemo.sharepoint.com/sites/PowerGuide","table":"4834d539-b2fb-459b-8fde-32dbb57a5f88","parameters/path":"/Portal Backup/@{outputs('TodayDate')}/Entity Forms"},"authentication":"@parameters('$authentication')"}},"Delay_3":{"runAfter":{"Create_Entity_Form_Folder":["Succeeded"]},"type":"Wait","inputs":{"interval":{"count":5,"unit":"Second"}}},"Apply_to_each_8":{"foreach":"@outputs('Get_Updated_Entity_Forms')?['body/value']","actions":{"Create_Entity_Form_Custom_JavaScript_File":{"runAfter":{},"type":"OpenApiConnection","inputs":{"host":{"apiId":"/providers/Microsoft.PowerApps/apis/shared_sharepointonline","connectionName":"shared_sharepointonline","operationId":"CreateFile"},"parameters":{"dataset":"https://365saturdaysdemo.sharepoint.com/sites/PowerGuide","folderPath":"/Shared Documents/Portal Backup/@{outputs('TodayDate')}/Entity Forms","name":"@{items('Apply_to_each_8')?['adx_name']}_form.js","body":"@items('Apply_to_each_8')?['adx_registerstartupscript']"},"authentication":"@parameters('$authentication')"}}},"runAfter":{"Delay_3":["Succeeded"]},"type":"Foreach"}},"runAfter":{"Set_Entity_Form":["Succeeded"]},"expression":{"equals":["@variables('var_entityform')","adx_entityform"]},"type":"If"}},"runAfter":{"Parse_JSON":["Succeeded"]},"type":"Foreach","description":"Backup of Entity Forms"},"Apply_to_each_9":{"foreach":"@body('Parse_JSON')?['BackupEntities']","actions":{"Set_Entity_List":{"runAfter":{},"type":"SetVariable","inputs":{"name":"var_entitylist","value":"@items('Apply_to_each_9')?['EntityList']"}},"Condition_5":{"actions":{"Get_Updated_Entity_Lists":{"runAfter":{},"type":"OpenApiConnection","inputs":{"host":{"apiId":"/providers/Microsoft.PowerApps/apis/shared_commondataserviceforapps","connectionName":"shared_commondataserviceforapps","operationId":"ListRecords"},"parameters":{"entityName":"adx_entitylists","fetchXml":"<fetch version=\"1.0\" output-format=\"xml-platform\" mapping=\"logical\" distinct=\"false\">\n  <entity name=\"adx_entitylist\">\n    <attribute name=\"adx_name\" />\n   <attribute name=\"adx_registerstartupscript\" />\n    <attribute name=\"adx_pagesize\" />\n    <attribute name=\"adx_entityname\" />\n    <attribute name=\"adx_filterwebsite\" />\n    <attribute name=\"adx_filterportaluser\" />\n    <attribute name=\"adx_filteraccount\" />\n    <attribute name=\"adx_searchenabled\" />\n    <attribute name=\"adx_odata_enabled\" />\n    <attribute name=\"adx_map_enabled\" />\n    <attribute name=\"adx_filter_enabled\" />\n    <attribute name=\"adx_entitypermissionsenabled\" />\n    <attribute name=\"adx_views\" />\n    <attribute name=\"adx_calendar_enabled\" />\n    <attribute name=\"adx_entitylistid\" />\n    <order attribute=\"adx_name\" descending=\"false\" />\n     <filter type=\"or\">\n      <condition attribute=\"createdon\" operator=\"today\" />\n      <condition attribute=\"modifiedon\" operator=\"today\" />\n    </filter>\n  </entity>\n</fetch>"},"authentication":"@parameters('$authentication')"}},"Create_Entity_List_Folder":{"runAfter":{"Get_Updated_Entity_Lists":["Succeeded"]},"type":"OpenApiConnection","inputs":{"host":{"apiId":"/providers/Microsoft.PowerApps/apis/shared_sharepointonline","connectionName":"shared_sharepointonline","operationId":"CreateNewFolder"},"parameters":{"dataset":"https://365saturdaysdemo.sharepoint.com/sites/PowerGuide","table":"4834d539-b2fb-459b-8fde-32dbb57a5f88","parameters/path":"/Portal Backup/@{outputs('TodayDate')}/Entity Lists"},"authentication":"@parameters('$authentication')"}},"Delay_4":{"runAfter":{"Create_Entity_List_Folder":["Succeeded"]},"type":"Wait","inputs":{"interval":{"count":5,"unit":"Second"}}},"Apply_to_each_10":{"foreach":"@outputs('Get_Updated_Entity_Lists')?['body/value']","actions":{"Create_Entity_List_Custom_JavaScript_File":{"runAfter":{},"type":"OpenApiConnection","inputs":{"host":{"apiId":"/providers/Microsoft.PowerApps/apis/shared_sharepointonline","connectionName":"shared_sharepointonline","operationId":"CreateFile"},"parameters":{"dataset":"https://365saturdaysdemo.sharepoint.com/sites/PowerGuide","folderPath":"/Shared Documents/Portal Backup/@{outputs('TodayDate')}/Entity Lists","name":"@{items('Apply_to_each_10')?['adx_name']}_list.js","body":"@items('Apply_to_each_10')?['adx_registerstartupscript']"},"authentication":"@parameters('$authentication')"}}},"runAfter":{"Delay_4":["Succeeded"]},"type":"Foreach"}},"runAfter":{"Set_Entity_List":["Succeeded"]},"expression":{"equals":["@variables('var_entitylist')","adx_entitylist"]},"type":"If"}},"runAfter":{"Parse_JSON":["Succeeded"]},"type":"Foreach","description":"Backup of Entity Lists"},"Apply_to_each_11":{"foreach":"@body('Parse_JSON')?['BackupEntities']","actions":{"Set_Content_Snippet":{"runAfter":{},"type":"SetVariable","inputs":{"name":"var_contentsnippet","value":"@items('Apply_to_each_11')?['ContentSnippet']"}},"Condition_6":{"actions":{"Get_Updated_Content_Snippets":{"runAfter":{},"type":"OpenApiConnection","inputs":{"host":{"apiId":"/providers/Microsoft.PowerApps/apis/shared_commondataserviceforapps","connectionName":"shared_commondataserviceforapps","operationId":"ListRecords"},"parameters":{"entityName":"adx_contentsnippets","fetchXml":"<fetch version=\"1.0\" output-format=\"xml-platform\" mapping=\"logical\" distinct=\"false\">\n  <entity name=\"adx_contentsnippet\">\n    <attribute name=\"adx_contentsnippetid\" />\n    <attribute name=\"adx_name\" />\n   <attribute name=\"adx_value\" />\n    <attribute name=\"createdon\" />\n    <order attribute=\"adx_name\" descending=\"false\" />\n    <filter type=\"and\">\n      <filter type=\"or\">\n        <condition attribute=\"createdon\" operator=\"today\" />\n        <condition attribute=\"modifiedon\" operator=\"today\" />\n      </filter>\n      <condition attribute=\"adx_value\" operator=\"not-null\" />\n      <condition attribute=\"adx_type\" operator=\"eq\" value=\"756150001\" />\n    </filter>\n  </entity>\n</fetch>"},"authentication":"@parameters('$authentication')"}},"Create_Content_Snippet_Folder":{"runAfter":{"Get_Updated_Content_Snippets":["Succeeded"]},"type":"OpenApiConnection","inputs":{"host":{"apiId":"/providers/Microsoft.PowerApps/apis/shared_sharepointonline","connectionName":"shared_sharepointonline","operationId":"CreateNewFolder"},"parameters":{"dataset":"https://365saturdaysdemo.sharepoint.com/sites/PowerGuide","table":"4834d539-b2fb-459b-8fde-32dbb57a5f88","parameters/path":"/Portal Backup/@{outputs('TodayDate')}/Content Snippets"},"authentication":"@parameters('$authentication')"}},"Delay_5":{"runAfter":{"Create_Content_Snippet_Folder":["Succeeded"]},"type":"Wait","inputs":{"interval":{"count":5,"unit":"Second"}}},"Apply_to_each_12":{"foreach":"@outputs('Get_Updated_Content_Snippets')?['body/value']","actions":{"Create_Content_Snippet_HTML_File":{"runAfter":{},"type":"OpenApiConnection","inputs":{"host":{"apiId":"/providers/Microsoft.PowerApps/apis/shared_sharepointonline","connectionName":"shared_sharepointonline","operationId":"CreateFile"},"parameters":{"dataset":"https://365saturdaysdemo.sharepoint.com/sites/PowerGuide","folderPath":"/Shared Documents/Portal Backup/@{outputs('TodayDate')}/Content Snippets","name":"@{items('Apply_to_each_12')?['adx_name']}_snippet.html","body":"@items('Apply_to_each_12')?['adx_value']"},"authentication":"@parameters('$authentication')"}}},"runAfter":{"Delay_5":["Succeeded"]},"type":"Foreach"}},"runAfter":{"Set_Content_Snippet":["Succeeded"]},"expression":{"equals":["@variables('var_contentsnippet')","adx_contentsnippet"]},"type":"If"}},"runAfter":{"Parse_JSON":["Succeeded"]},"type":"Foreach","description":"Backup of Content Snippet"},"Apply_to_each_13":{"foreach":"@body('Parse_JSON')?['BackupEntities']","actions":{"Set_Web_Form":{"runAfter":{},"type":"SetVariable","inputs":{"name":"var_webform","value":"@items('Apply_to_each_13')?['WebForm']"}},"Condition_7":{"actions":{"Get_Updated_Web_Form_Steps":{"runAfter":{},"type":"OpenApiConnection","inputs":{"host":{"apiId":"/providers/Microsoft.PowerApps/apis/shared_commondataserviceforapps","connectionName":"shared_commondataserviceforapps","operationId":"ListRecords"},"parameters":{"entityName":"adx_webformsteps","fetchXml":"<fetch version=\"1.0\" output-format=\"xml-platform\" mapping=\"logical\" distinct=\"false\">\n  <entity name=\"adx_webformstep\">\n    <attribute name=\"adx_name\" />\n    <attribute name=\"adx_webform\" />\n    <attribute name=\"adx_type\" />\n    <attribute name=\"adx_targetentitylogicalname\" />\n    <attribute name=\"adx_tabname\" />\n    <attribute name=\"adx_redirectwebpage\" />\n    <attribute name=\"adx_redirecturl\" />\n    <attribute name=\"adx_previousstep\" />\n    <attribute name=\"adx_nextstep\" />\n    <attribute name=\"adx_mode\" />\n    <attribute name=\"adx_formname\" />\n    <attribute name=\"adx_conditiondefaultnextstep\" />\n    <attribute name=\"adx_condition\" />\n    <attribute name=\"modifiedon\" />\n    <attribute name=\"createdon\" />\n    <attribute name=\"adx_webformstepid\" />\n    <attribute name=\"adx_registerstartupscript\" />\n    <order attribute=\"adx_webform\" descending=\"false\" />\n    <order attribute=\"adx_name\" descending=\"false\" />\n    <filter type=\"and\">\n      <filter type=\"or\">\n        <condition attribute=\"createdon\" operator=\"today\" />\n        <condition attribute=\"modifiedon\" operator=\"today\" />\n      </filter>\n    </filter>\n  </entity>\n</fetch>"},"authentication":"@parameters('$authentication')"}},"Create_Web_Form_Steps_Folder":{"runAfter":{"Get_Updated_Web_Form_Steps":["Succeeded"]},"type":"OpenApiConnection","inputs":{"host":{"apiId":"/providers/Microsoft.PowerApps/apis/shared_sharepointonline","connectionName":"shared_sharepointonline","operationId":"CreateNewFolder"},"parameters":{"dataset":"https://365saturdaysdemo.sharepoint.com/sites/PowerGuide","table":"4834d539-b2fb-459b-8fde-32dbb57a5f88","parameters/path":"/Portal Backup/@{outputs('TodayDate')}/Web Form Steps"},"authentication":"@parameters('$authentication')"}},"Delay_6":{"runAfter":{"Create_Web_Form_Steps_Folder":["Succeeded"]},"type":"Wait","inputs":{"interval":{"count":5,"unit":"Second"}}},"Apply_to_each_14":{"foreach":"@outputs('Get_Updated_Web_Form_Steps')?['body/value']","actions":{"Create_Webform_Steps_JS_File":{"runAfter":{},"type":"OpenApiConnection","inputs":{"host":{"apiId":"/providers/Microsoft.PowerApps/apis/shared_sharepointonline","connectionName":"shared_sharepointonline","operationId":"CreateFile"},"parameters":{"dataset":"https://365saturdaysdemo.sharepoint.com/sites/PowerGuide","folderPath":"/Shared Documents/Portal Backup/@{outputs('TodayDate')}/Web Form Steps","name":"@{items('Apply_to_each_14')?['adx_name']}_script.js","body":"@items('Apply_to_each_14')?['adx_registerstartupscript']"},"authentication":"@parameters('$authentication')"}}},"runAfter":{"Delay_6":["Succeeded"]},"type":"Foreach"}},"runAfter":{"Set_Web_Form":["Succeeded"]},"expression":{"equals":["@variables('var_webform')","adx_webform"]},"type":"If"}},"runAfter":{"Parse_JSON":["Succeeded"]},"type":"Foreach","description":"Backup of all Web Form Steps"}},"runAfter":{"Get_Portal_Entities_Site_Setting":["Succeeded"]},"type":"Foreach"},"Get_Portal_Entities_Site_Setting":{"runAfter":{},"type":"OpenApiConnection","inputs":{"host":{"apiId":"/providers/Microsoft.PowerApps/apis/shared_commondataserviceforapps","connectionName":"shared_commondataserviceforapps","operationId":"ListRecords"},"parameters":{"entityName":"adx_sitesettings","$filter":"adx_name eq 'Portal Backup Entities'"},"authentication":"@parameters('$authentication')"}}},"runAfter":{"TodayDate":["Succeeded"]},"expression":{"equals":["@outputs('ComposeSiteSettingValue')","yes"]},"type":"If"},"Apply_to_each_2":{"foreach":"@outputs('Get_Portal_Backup_Site_Setting')?['body/value']","actions":{"Set_variable_2":{"runAfter":{},"type":"SetVariable","inputs":{"name":"sitesettingvalue","value":"@items('Apply_to_each_2')?['adx_value']"}}},"runAfter":{"var_sitesettingvalue":["Succeeded"]},"type":"Foreach"},"var_webpage":{"runAfter":{"var_copyhtml":["Succeeded"]},"type":"InitializeVariable","inputs":{"variables":[{"name":"var_webpage","type":"string"}]}},"ComposeSiteSettingValue":{"runAfter":{"Apply_to_each_2":["Succeeded"]},"type":"Compose","inputs":"@if(equals(variables('sitesettingvalue'),'true'),'yes','no')"},"var_sitesettingvalue":{"runAfter":{"var_contentsnippet":["Succeeded"]},"type":"InitializeVariable","inputs":{"variables":[{"name":"sitesettingvalue","type":"string"}]}},"TodayDate":{"runAfter":{"ComposeSiteSettingValue":["Succeeded"]},"type":"Compose","inputs":"@formatDateTime(utcNow(),'dd-MM-yyyy')"},"var_webtemplate":{"runAfter":{"var_webpage":["Succeeded"]},"type":"InitializeVariable","inputs":{"variables":[{"name":"var_webtemplate","type":"string"}]}},"var_entityform":{"runAfter":{"var_webtemplate":["Succeeded"]},"type":"InitializeVariable","inputs":{"variables":[{"name":"var_entityform","type":"string"}]}},"var_entitylist":{"runAfter":{"var_webform":["Succeeded"]},"type":"InitializeVariable","inputs":{"variables":[{"name":"var_entitylist","type":"string"}]}},"var_contentsnippet":{"runAfter":{"var_entitylist":["Succeeded"]},"type":"InitializeVariable","inputs":{"variables":[{"name":"var_contentsnippet","type":"string"}]}},"var_copyhtml":{"runAfter":{"Get_Portal_Backup_Site_Setting":["Succeeded"]},"type":"InitializeVariable","inputs":{"variables":[{"name":"var_copyhtml","type":"string"}]}},"var_webform":{"runAfter":{"var_entityform":["Succeeded"]},"type":"InitializeVariable","inputs":{"variables":[{"name":"var_webform","type":"string"}]}},"Get_Portal_Backup_Site_Setting":{"runAfter":{},"type":"OpenApiConnection","inputs":{"host":{"apiId":"/providers/Microsoft.PowerApps/apis/shared_commondataserviceforapps","connectionName":"shared_commondataserviceforapps","operationId":"ListRecords"},"parameters":{"entityName":"adx_sitesettings","$filter":"adx_name eq 'Portal Backup'"},"authentication":"@parameters('$authentication')"}}}}},"schemaVersion":"1.0.0.0"}