{"name":"8538ab6d-9ba0-4419-8b19-30d4a966f75e","id":"/providers/Microsoft.Flow/flows/8538ab6d-9ba0-4419-8b19-30d4a966f75e","type":"Microsoft.Flow/flows","properties":{"apiId":"/providers/Microsoft.PowerApps/apis/shared_logicflows","displayName":"Portal - Azure AD B2C Auto Generate Username & Password","definition":{"metadata":{"workflowEntityId":null,"creator":{"id":"3ab0779e-acfd-46d7-a8ba-7c02da471813","type":"User","tenantId":"c18451e6-1aac-4c5f-9e94-7ea443cc7ae3"},"provisioningMethod":"FromDefinition","failureAlertSubscription":true,"clientLastModifiedTime":"2020-07-13T14:01:19.9076767Z"},"$schema":"https://schema.management.azure.com/providers/Microsoft.Logic/schemas/2016-06-01/workflowdefinition.json#","contentVersion":"1.0.0.0","parameters":{"$authentication":{"defaultValue":{},"type":"SecureObject"}},"triggers":{"manual":{"type":"Request","kind":"Button","inputs":{"schema":{"type":"object","properties":{},"required":[]}}}},"actions":{"tokenUser":{"runAfter":{"UserEmail":["Succeeded"]},"type":"InitializeVariable","inputs":{"variables":[{"name":"tokenUser","type":"string","value":"arpit@dynamics.community"}]}},"tokenPwd":{"runAfter":{"tokenUser":["Succeeded"]},"type":"InitializeVariable","inputs":{"variables":[{"name":"tokenPwd","type":"string","value":"21313"}]}},"Get_Access_Token":{"runAfter":{"TenantId":["Succeeded"]},"type":"Http","inputs":{"method":"POST","uri":"https://login.microsoft.com/@{variables('TenantId')}/oauth2/v2.0/token/","headers":{"content-type":"application/x-www-form-urlencoded"},"body":"grant_type=password&scope=https://graph.microsoft.com/.default&client_id=@{variables('ClientId')}&client_secret=@{variables('SecretKey')}&userName=@{variables('tokenUser')}&password=@{variables('tokenPwd')}"}},"Parse_JSON":{"runAfter":{"Get_Access_Token":["Succeeded"]},"type":"ParseJson","inputs":{"content":"@body('Get_Access_Token')","schema":{"type":"object","properties":{"token_type":{"type":"string"},"expires_in":{"type":"integer"},"ext_expires_in":{"type":"integer"},"access_token":{"type":"string"}}}}},"ClientId":{"runAfter":{"tokenPwd":["Succeeded"]},"type":"InitializeVariable","inputs":{"variables":[{"name":"ClientId","type":"string","value":"<enter client id copied from azure ad app>"}]}},"SecretKey":{"runAfter":{"ClientId":["Succeeded"]},"type":"InitializeVariable","inputs":{"variables":[{"name":"SecretKey","type":"string","value":"<enter secret key copied from azure ad app>"}]}},"TenantId":{"runAfter":{"SecretKey":["Succeeded"]},"type":"InitializeVariable","inputs":{"variables":[{"name":"TenantId","type":"string","value":"<enter azure ad tenant id copied from azure>"}]}},"UserEmail":{"runAfter":{},"type":"InitializeVariable","inputs":{"variables":[{"name":"UserEmail","type":"string","value":"arpit.crmconsultant@gmail.com"}]}},"Create_Guest_User_in_AD":{"runAfter":{"Parse_JSON":["Succeeded"]},"type":"Http","inputs":{"method":"POST","uri":"https://graph.microsoft.com/v1.0/invitations","headers":{"Content-type":"application/json","Authorization":"Bearer @{body('Parse_JSON')?['access_token']}"},"body":{"passwordProfile":{"forceChangePasswordNextSignIn":true,"password":"Pass@word1"},"invitedUserEmailAddress":"@{variables('UserEmail')}","inviteRedirectUrl":"https://365saturdaysdemocss.powerappsportals.com/","sendInvitationMessage":"true","displayName":"arpitdynamics"}}}}},"connectionReferences":{},"flowFailureAlertSubscribed":false}}