{"name":"7093851d-b003-4178-8fed-7b84ab4f0065","id":"/providers/Microsoft.Flow/flows/7093851d-b003-4178-8fed-7b84ab4f0065","type":"Microsoft.Flow/flows","properties":{"apiId":"/providers/Microsoft.PowerApps/apis/shared_logicflows","displayName":"Get D365 User Role","definition":{"metadata":{"workflowEntityId":null,"flowclientsuspensionreason":"None","flowclientsuspensiontime":null,"creator":{"id":"b5b799a9-1c6c-4316-8309-8d824a45a078","type":"User","tenantId":"13db259a-b6de-47b2-b2b9-5c1957b14da6"},"provisioningMethod":"FromDefinition","failureAlertSubscription":true,"clientLastModifiedTime":"2020-12-24T06:38:02.6340121Z"},"$schema":"https://schema.management.azure.com/providers/Microsoft.Logic/schemas/2016-06-01/workflowdefinition.json#","contentVersion":"1.0.0.0","parameters":{"$connections":{"defaultValue":{},"type":"Object"},"$authentication":{"defaultValue":{},"type":"SecureObject"},"cdsruntimecertificate":{"type":"String"},"cdsruntimecertificatepassword":{"type":"SecureString"}},"triggers":{"manual":{"type":"Request","kind":"PowerApp","inputs":{"schema":{"type":"object","properties":{"Listrecords_FetchXmlQuery":{"type":"string","description":"Fetch Xml query. This parameter is used as part of \"1231D9D8-E98A-457C-8D42-807C68E41B7F\"","x-ms-powerflows-param-ispartial":true}},"required":["Listrecords_FetchXmlQuery"]}}}},"actions":{"List_records":{"runAfter":{"var_UserRole":["Succeeded"]},"type":"OpenApiConnection","inputs":{"host":{"apiId":"/providers/Microsoft.PowerApps/apis/shared_commondataserviceforapps","connectionName":"shared_commondataserviceforapps","operationId":"ListRecords"},"parameters":{"entityName":"systemusers","fetchXml":"<fetch mapping=\"logical\" count=\"50\" version=\"1.0\" >\n<entity name=\"systemuser\" >\n<attribute name=\"fullname\" />\n<link-entity name=\"systemuserroles\" from=\"systemuserid\" to=\"systemuserid\" >\n<link-entity name=\"role\" from=\"roleid\" to=\"roleid\" >\n<attribute name=\"name\" />\n<attribute name=\"roleid\" />\n</link-entity>\n</link-entity>\n<filter type=\"and\">\n<condition attribute=\"systemuserid\" operator=\"eq\" value=\"@{triggerBody()['Listrecords_FetchXmlQuery']}\" />\n</filter>\n</entity>\n</fetch>"},"authentication":"@parameters('$authentication')"}},"Parse_JSON":{"runAfter":{"List_records":["Succeeded"]},"type":"ParseJson","inputs":{"content":"@outputs('List_records')?['body']","schema":{"type":"object","properties":{"@@odata.context":{"type":"string"},"@@Microsoft.Dynamics.CRM.totalrecordcount":{"type":"integer"},"@@Microsoft.Dynamics.CRM.totalrecordcountlimitexceeded":{"type":"boolean"},"@@systemuserroles1.OData.Community.Display.V1.CurrentEntityField":{"type":"string"},"value":{"type":"array","items":{"type":"object","properties":{"@@odata.type":{"type":"string"},"@@odata.id":{"type":"string"},"@@odata.etag":{"type":"string"},"@@odata.editLink":{"type":"string"},"fullname":{"type":"string"},"systemuserid@odata.type":{"type":"string"},"systemuserid":{"type":"string"},"ownerid@odata.type":{"type":"string"},"ownerid":{"type":"string"},"role2.name@OData.Community.Display.V1.AttributeName":{"type":"string"},"role2.name":{"type":"string"},"role2.roleid@OData.Community.Display.V1.AttributeName":{"type":"string"},"role2.roleid@odata.type":{"type":"string"},"role2.roleid":{"type":"string"}},"required":["@@odata.type","@@odata.id","@@odata.etag","@@odata.editLink","fullname","systemuserid@odata.type","systemuserid","ownerid@odata.type","ownerid","role2.name@OData.Community.Display.V1.AttributeName","role2.name","role2.roleid@OData.Community.Display.V1.AttributeName","role2.roleid@odata.type","role2.roleid"]}}}}}},"var_UserRole":{"runAfter":{},"type":"InitializeVariable","inputs":{"variables":[{"name":"UserRole","type":"string"}]}},"Apply_to_each":{"foreach":"@body('Parse_JSON')?['value']","actions":{"Append_to_string_variable":{"runAfter":{},"type":"AppendToStringVariable","inputs":{"name":"UserRole","value":"@{items('Apply_to_each')?['role2.name']}, "}}},"runAfter":{"Parse_JSON":["Succeeded"]},"type":"Foreach"},"Condition":{"actions":{"Respond_to_a_PowerApp_or_flow":{"runAfter":{},"type":"Response","kind":"PowerApp","inputs":{"statusCode":200,"body":{"userrole":"NA"},"schema":{"type":"object","properties":{"userrole":{"title":"userrole","x-ms-dynamically-added":true,"type":"string"}}}}}},"runAfter":{"Apply_to_each":["Succeeded"]},"else":{"actions":{"Compose_2":{"runAfter":{},"type":"Compose","inputs":"@substring(variables('UserRole'),0,add(length(variables('UserRole')),-2))"},"Respond_to_a_PowerApp_or_flow_2":{"runAfter":{"Compose_2":["Succeeded"]},"type":"Response","kind":"PowerApp","inputs":{"statusCode":200,"body":{"userrole":"@{outputs('Compose_2')}"},"schema":{"type":"object","properties":{"userrole":{"title":"userrole","x-ms-dynamically-added":true,"type":"string"}}}}}}},"expression":{"equals":["@empty(variables('UserRole'))","@true"]},"type":"If"}}},"connectionReferences":{"shared_commondataserviceforapps":{"connectionName":"ded13ad37d2b4fc9b066a822e294a19a","source":"Embedded","id":"/providers/Microsoft.PowerApps/apis/shared_commondataserviceforapps","tier":"NotSpecified"}},"flowFailureAlertSubscribed":false}}